,link
0,https://www87.hattrick.org/Club/Players/Player.aspx?playerId=436602744
1,https://www87.hattrick.org/Club/Players/Player.aspx?playerId=442455819
2,https://www87.hattrick.org/Club/Players/Player.aspx?playerId=426659872
3,https://www87.hattrick.org/Club/Players/Player.aspx?playerId=444834722
4,https://www87.hattrick.org/Club/Players/Player.aspx?playerId=427629911
5,https://www87.hattrick.org/Club/Players/Player.aspx?playerId=434036688
6,https://www87.hattrick.org/Club/Players/Player.aspx?playerId=425895572
7,https://www87.hattrick.org/Club/Players/Player.aspx?playerId=425708612
8,https://www87.hattrick.org/Club/Players/Player.aspx?playerId=436422246
9,https://www87.hattrick.org/Club/Players/Player.aspx?playerId=442638349
10,https://www87.hattrick.org/Club/Players/Player.aspx?playerId=425932647
11,https://www87.hattrick.org/Club/Players/Player.aspx?playerId=442319049
12,https://www87.hattrick.org/Club/Players/Player.aspx?playerId=435595143
13,https://www87.hattrick.org/Club/Players/Player.aspx?playerId=434905815
14,https://www87.hattrick.org/Club/Players/Player.aspx?playerId=436071089
15,https://www87.hattrick.org/Club/Players/Player.aspx?playerId=441854445
16,https://www87.hattrick.org/Club/Players/Player.aspx?playerId=427855481
17,https://www87.hattrick.org/Club/Players/Player.aspx?playerId=436723124
18,https://www87.hattrick.org/Club/Players/Player.aspx?playerId=432230323
19,https://www87.hattrick.org/Club/Players/Player.aspx?playerId=444146085
20,https://www87.hattrick.org/Club/Players/Player.aspx?playerId=424925252
21,https://www87.hattrick.org/Club/Players/Player.aspx?playerId=436534310
22,https://www87.hattrick.org/Club/Players/Player.aspx?playerId=436898711
23,https://www87.hattrick.org/Club/Players/Player.aspx?playerId=433605102
24,https://www87.hattrick.org/Club/Players/Player.aspx?playerId=433188094
